,accuracy,precision,recall,f1,roc_auc
Logistic Regression (no new feature),0.7882018479033405,0.6225806451612903,0.516042780748663,0.564327485380117,0.8319934151606607
Logistic Regression (with interaction feature),0.7889125799573561,0.6245954692556634,0.516042780748663,0.5651537335285505,0.8319908267804175
