,accuracy,precision,recall,f1,roc_auc
Logistic Regression,0.7334754797441365,0.49910873440285203,0.7486631016042781,0.5989304812834224,0.814441608730089
SVM,0.746268656716418,0.5170340681362725,0.6898395721925134,0.5910652920962199,0.8089413007128399
Random Forest,0.7683013503909026,0.5574162679425837,0.6229946524064172,0.5883838383838383,0.8219841487593894
