,accuracy,precision,recall,f1_score,roc_auc
Logistic Regression,0.7405828002842928,0.5084427767354597,0.7245989304812834,0.597574421168688,0.8124252605204714
Random Forest,0.775408670931059,0.580110497237569,0.5614973262032086,0.5706521739130435,0.8174078924890382
Support Vector Machine,0.7277896233120114,0.4884910485933504,0.5106951871657754,0.4993464052287582,0.7155163042071533
Gradient Boosting,0.7704335465529495,0.5702479338842975,0.553475935828877,0.5617367706919946,0.8218081389028375
AdaBoost,0.7761194029850746,0.57356608478803,0.6149732620320856,0.5935483870967742,0.8298709433610635
Decision Tree,0.7725657427149965,0.5665024630541872,0.6149732620320856,0.5897435897435898,0.7924106102882938
K-Nearest Neighbors,0.7114427860696517,0.469811320754717,0.6657754010695187,0.5508849557522124,0.7563480025469662
