,accuracy,precision,recall,f1,roc_auc
Logistic Regression,0.7334754797441365,0.49910873440285203,0.7486631016042781,0.5989304812834224,0.8144390203498455
SVM,0.746268656716418,0.5170340681362725,0.6898395721925134,0.5910652920962199,0.8089413007128399
Random Forest,0.7704335465529495,0.5611510791366906,0.6256684491978609,0.5916561314791403,0.82222745650227
